{
    "CHAOS_MR_3d_baseline": {
        "train": {
            "dice": 0.06478503346443176,
            "hausdorff": 103.65773010253906
        },
        "test": {}
    },
    "CHAOS_MR_3d_finetuned": {
        "train": {
            "dice": 0.8819957971572876,
            "hausdorff": 15.815801620483398
        },
        "test": {}
    },
    "CHAOS_CT_3d_baseline": {
        "train": {
            "dice": 0.3855232894420624,
            "hausdorff": 50.17311096191406
        },
        "test": {}
    },
    "CHAOS_CT_3d_finetuned": {
        "train": {
            "dice": 0.9388132095336914,
            "hausdorff": 19.8514404296875
        },
        "test": {}
    },
    "MMWHS_MR_3d_baseline": {
        "train": {
            "dice": 0.0,
            "hausdorff": Infinity
        },
        "test": {}
    },
    "MMWHS_MR_3d_finetuned": {
        "train": {
            "dice": 0.6651864051818848,
            "hausdorff": 44.115684509277344
        },
        "test": {}
    },
    "MMWHS_CT_3d_baseline": {
        "train": {
            "dice": 0.0,
            "hausdorff": Infinity
        },
        "test": {}
    },
    "MMWHS_CT_3d_finetuned": {
        "train": {
            "dice": 0.8174826502799988,
            "hausdorff": 19.796443939208984
        },
        "test": {}
    },
    "CHAOS_MR_2d_finetuned": {
        "train": {
            "dice": 0.586517333984375,
            "hausdorff": Infinity
        },
        "val": {
            "dice": 0.5759464502334595,
            "hausdorff": Infinity
        },
        "test": {}
    },
    "CHAOS_CT_2d_finetuned": {
        "train": {
            "dice": 0.8621236085891724,
            "hausdorff": Infinity
        },
        "val": {
            "dice": 0.8608932495117188,
            "hausdorff": Infinity
        },
        "test": {}
    },
    "MMWHS_MR_2d_finetuned": {
        "train": {
            "dice": 0.449769526720047,
            "hausdorff": Infinity
        },
        "val": {
            "dice": 0.44316980242729187,
            "hausdorff": Infinity
        },
        "test": {
            "dice": 0.4423142075538635,
            "hausdorff": Infinity
        }
    }
}