{
    "CHAOS_CT_2d_finetuned": {
        "train": {
            "dice": 0.9764024190504437,
            "hausdorff": null
        },
        "val": {
            "dice": 0.9682788694799962,
            "hausdorff": null
        },
        "test": {
            "dice": 0.9689946199268396,
            "hausdorff": null
        }
    },
    "CHAOS_MR_2d_finetuned": {
        "train": {
            "dice": 0.9042345444513051,
            "hausdorff": null
        },
        "val": {
            "dice": 0.8337340874318474,
            "hausdorff": null
        },
        "test": {
            "dice": 0.8408232468140707,
            "hausdorff": null
        }
    },
    "MMWHS_CT_2d_finetuned": {
        "train": {
            "dice": 0.9661931596355452,
            "hausdorff": null
        },
        "val": {
            "dice": 0.9587428538969834,
            "hausdorff": null
        },
        "test": {
            "dice": 0.958211259228636,
            "hausdorff": null
        }
    },
    "MMWHS_MR_2d_finetuned": {
        "train": {
            "dice": 0.9271477790639642,
            "hausdorff": null
        },
        "val": {
            "dice": 0.8982059044328209,
            "hausdorff": null
        },
        "test": {
            "dice": 0.9017868272462063,
            "hausdorff": null
        }
    },
    "CHAOS_composite_at_CT": {
        "train": {
            "dice": 0.8528615386253781,
            "hausdorff": 15.352642059326172
        },
        "val": {
            "dice": 0.8513537970051915,
            "hausdorff": 15.346445083618164
        },
        "test": {
            "dice": 0.849494857598355,
            "hausdorff": 15.393372535705566
        }
    },
    "CT_composite_at_CHAOS": {
        "train": {
            "dice": 0.5780951818084217,
            "hausdorff": 41.10270690917969
        },
        "val": {
            "dice": 0.5721671392879807,
            "hausdorff": 41.176761627197266
        },
        "test": {
            "dice": 0.5929206647411465,
            "hausdorff": 41.21552276611328
        }
    },
    "CHAOS_composite_at_MR": {
        "train": {
            "dice": 0.22505734620912546,
            "hausdorff": 32.6973991394043
        },
        "val": {
            "dice": 0.2083647509673019,
            "hausdorff": 32.2959098815918
        },
        "test": {
            "dice": 0.24287959429333628,
            "hausdorff": 32.01246643066406
        }
    },
    "MR_composite_at_CHAOS": {
        "train": {
            "dice": 0.15065534833279934,
            "hausdorff": 20.645376205444336
        },
        "val": {
            "dice": 0.1187496012231754,
            "hausdorff": 20.72882080078125
        },
        "test": {
            "dice": 0.1470170315681154,
            "hausdorff": 20.536069869995117
        }
    },
    "CHAOS_CT_adaptation": {
        "train": {
            "dice": 0.000655176647757133,
            "hausdorff": 49.653114318847656
        },
        "val": {
            "dice": 0.0006271458727666306,
            "hausdorff": 49.56396484375
        },
        "test": {
            "dice": 0.0007100849488128793,
            "hausdorff": 48.96323013305664
        }
    }
}